amir palace,36977 DZD
esplanade city beach,43271 DZD
rosa beach thalasso & spa,63724 DZD
iberostar kuriat palace,70215 DZD
monastir center,33986 DZD
regency hotel & spa monastir,60185 DZD
delphin hotels & resorts,39337 DZD
regency hôtel & spa,49572 DZD
skanes serail aquapark,54284 DZD
palmyra golden beach skanes,33830 DZD
mezri,20845 DZD
delphin habib monastir,41689 DZD
delphin el habib & ribat,62413 DZD
skanes seraill,65034 DZD
rosa beach ex vincci,67535 DZD
royal thalassa monastir,68703 DZD
iberostar selection kuriat palace,98746 DZD
el ksar resort & thalasso,33723 DZD
royal jinene,37763 DZD
abou sofiane,44135 DZD
4. riviera,54390 DZD
iberostar kantaoui bay,67265 DZD
movenpick resort & marine spa,79301 DZD
sousse pearl marriott resort & spa,81033 DZD
hotel diar meriam,23602 DZD
palmyra aquapark el kantaoui,33830 DZD
golf residence sousse,38833 DZD
orient palace,41697 DZD
houria palace,45898 DZD
hasdrubal thalassa & spa port el kantaoui,51137 DZD
iberostar diar el andalous,64904 DZD
hôtel sousse city & beach (ex karawan),20180 DZD
hannibal palace,33830 DZD
marhaba royal salem,46023 DZD
marhaba salem resort,46023 DZD
seabel alhambra beach golf & spa,54126 DZD
sentido bellevue park,62545 DZD
occidental sousse marhaba ( ex marhaba resort),65298 DZD
dreams beach,19669 DZD
miramar golf and spa,31469 DZD
marabout sousse,35403 DZD
el mouradi club kantaoui,41854 DZD
el mouradi port el kantaoui,41854 DZD
marhaba beach,51688 DZD
el mouradi palace,53812 DZD
marhaba palace,56644 DZD
sousse palace hôtel & spa,59791 DZD
barcelo concorde green park palace,63538 DZD
jaz tour khalef,86539 DZD
sousse city and beach,15257 DZD
sindbad center,25254 DZD
sousse city & beach hotel,25254 DZD
riadh palms,31028 DZD
miramar golf & spa,33030 DZD
palmyra aqua park ( ex- soviva ),35852 DZD
cesar palace casino,37640 DZD
hotel kanta,43173 DZD
marhaba club sousse,45858 DZD
golf résidence,56253 DZD
sentido bellevue park sousse,66285 DZD
royal kenz hotel thalasso & spa,81392 DZD
the pearl resort & spa,89181 DZD
46. lti bellevue park,95866 DZD
47. sousse palace hotel,103643 DZD
48. iberostar selection kantaoui bay,151492 DZD
49. hotel palace green park,158767 DZD
50. mövenpick resort & marine spa sousse,211479 DZD
blue marine hôtel & thalasso 5* (ex.laico hammamet),65141 DZD
tui blue oceana suites,67972 DZD
l 'atrium,32840 DZD
chichkhan,39337 DZD
"eden yasmine resort, meeting & spa",45630 DZD
zodiac hammamet,49281 DZD
flora park by turismark,59791 DZD
alhambra thalasso,67611 DZD
vincci saphir palace & spa,76186 DZD
vincci nozha beach,76312 DZD
bel azur thalasso & bungalows,78672 DZD
vincci marillia,105421 DZD
steigenberger marhaba thalasso hammamet,111124 DZD
hasdrubal thalassa hammamet,157343 DZD
menara,22563 DZD
hotel aziza thalasso golf,29738 DZD
hotel l'ecrin club,34616 DZD
green golf,38786 DZD
regency hammamet,39337 DZD
houda yasmine marina & spa,40910 DZD
el fell,46889 DZD
le paradis palace,49091 DZD
le royal hammamet,52317 DZD
iberostar averroes,56054 DZD
lella baya & thalasso,58847 DZD
sol azur beach congres,59005 DZD
golden yasmin mehari hammamet,60893 DZD
occidental marco polo hammamet,63538 DZD
sentido phenicia,67863 DZD
radisson blu resort & thalasso hammamet,70352 DZD
golden tulip taj sultan resort,82842 DZD
the russelior hotel & spa,85674 DZD
royal azur thalassa,124144 DZD
le khalife,27536 DZD
zenith,27536 DZD
la playa hôtel club,34780 DZD
marina palace,40713 DZD
dar khayam,74786 DZD
omar khayam resort & aquapark,74786 DZD
les orangers beach resort,149476 DZD
the orangers garden villas & bungalows,218707 DZD
residence romane,26749 DZD
emira hammamet,27536 DZD
la residence hammamet,28606 DZD
le corail appart hotel,40517 DZD
46. el mouradi el menzah,61405 DZD
el mouradi hammamet,63528 DZD
medina & carthageland yasmine hammamet,2377 DZD
la playa hotel club,37220 DZD
eden yasmine hotel & spa hammamet,48359 DZD
eden yasmine resort meeting & spa,48375 DZD
appartement s+1 résidence el ward,50026 DZD
un appartement de charme à hammamet,50026 DZD
54. sentido aziza beach golf & spa - adult only,50673 DZD
l'ecrin garos,54155 DZD
medina bélisaire and thalasso,57030 DZD
medina diar lemdina,59161 DZD
sol azur beach & congress,62533 DZD
59. hotel paradis palace,67026 DZD
lella baya &thalasso hammamet,68536 DZD
appartement s+1 mrezga vue sur mer,70189 DZD
hammamet garden resort & spa,73372 DZD
medina solaria and thalasso,76072 DZD
64. houda yasmine hammamet,77104 DZD
the sindbad hammamet,78928 DZD
le sultan hammamet,82543 DZD
67. occidental marco polo,82778 DZD
68. hôtel residence hammamet,85945 DZD
69. resort golden tulip taj sultan,88469 DZD
golden tulip taj sultan hammamet,90047 DZD
magic hotel manar,93520 DZD
72. hôtel méhari hammamet thalasso & spa,93812 DZD
73. medina belisaire & thalasso,95006 DZD
appartement s+2 résidence orangeraies,95443 DZD
tui magic life africana,98740 DZD
la badira,99571 DZD
77. bel azur thalassa,113480 DZD
zenon hotel djerba,31469 DZD
joya paradise,36977 DZD
djerba aqua resort,47203 DZD
club palm azur,50350 DZD
cesar thalasso,51137 DZD
caribbean world djerba thalasso,55071 DZD
hôtel djerba castille,59005 DZD
welcome meridiana resort & thalasso,62152 DZD
royal karthago,62937 DZD
vincci dar midoun,65298 DZD
venice beach,67658 DZD
djerba holiday beach,68759 DZD
vincci helios beach,69231 DZD
grand hotel des thermes,94406 DZD
dar el manara djerba hotel,18623 DZD
djerba golf resort & spa,38582 DZD
dar jerba narjess,47203 DZD
djerba resort,47203 DZD
sidi mansour resort & spa,49564 DZD
calimera yati beach,69231 DZD
radisson blu palace resort & thalasso djerba,121595 DZD
iberostar mehari djerba,58297 DZD
jardin de toumana,59005 DZD
hasdrubal thalassa & spa djerba midoun,78672 DZD
seabel rym beach djerba,87349 DZD
hari club beach resort djerba,33723 DZD
el mouradi djerba menzel,46712 DZD
the ksar djerba,51137 DZD
djerba plaza thalasso & spa,64196 DZD
sentido djerba beach,73147 DZD
fiesta beach,90000 DZD
royal garden palace,91259 DZD
hasdrubal prestige thalassa & spa djerba,149476 DZD
le beau séjour,25254 DZD
saray djerba,33511 DZD
djerba authentique,35095 DZD
dar el bhar,35163 DZD
villa s+3 familiale,37159 DZD
olympic djerba,41769 DZD
sidi mansour djerba,52528 DZD
appartement au résidence bouchadakh,58284 DZD
le petit palais & spa,62413 DZD
43. miramar petit palais,70003 DZD
44. miramar djerba palace,79819 DZD
villa s+4 avec piscine à tezdaine,83056 DZD
villa calypso,94962 DZD
47. hotel sun connect aqua resort,102932 DZD
villa 01 aljazeera,103700 DZD
yadis djerba,106348 DZD
tui blue palm beach palace djerba,121834 DZD
villa 02 aljazeera,124344 DZD
villa 03 aljazeera,124344 DZD
ulysse djerba thalasso,127975 DZD
villa s+2 bani bandou houmt souk,144987 DZD
villa yeti midoun s+3,144987 DZD
56. hasdrubal thalassa & spa djerba hotel,146880 DZD
dar youssef,165631 DZD
"58. radisson blu palace resort & thalasso, djerba",168810 DZD
villa en s5 avec une piscine,186275 DZD
villa jéode,248206 DZD
villa lotus eden luxe,302705 DZD
villa azalée eden luxe,336493 DZD
dar ismail tabarka,67029 DZD
la cigale tabarka,130595 DZD
hotel les mimosas,35403 DZD
residence golden yasmin mehari tabarka,29739 DZD
marina prestige tabarka,59005 DZD
el mouradi hammam bourguiba,81819 DZD
itropika beach,62572 DZD
thabraca thalasso & diving,102380 DZD
sandra beach,31469 DZD
mahdia beach (ex lti mahdia beach),40280 DZD
thapsus beach resort,44843 DZD
iberostar royal el mansour,74345 DZD
primasol el mehdi,89686 DZD
mahdia palace thalasso,51137 DZD
nour palace & thalasso,86539 DZD
mahdia palace & thalasso,54195 DZD
lti mahdia beach & aqua park,56030 DZD
