ipro hotels,prix,clicngo hotels,prix
monastir center,30386.66dzd,monastir center,33986 DZD
delphin habib,36569.84dzd,delphin habib monastir,41689 DZD
amir palace,41835.87dzd,/,/
palmyra golden beach skanes,43610.49dzd,palmyra golden beach skanes,33830 DZD
regency hotel & spa monastir4 étoiles,50692.78dzd,regency hotel & spa monastir,60185 DZD
skanes sérail,71625.02dzd,skanes serail aquapark,54284 DZD
royal thalassa monastir5 étoiles,77667.67dzd,royal thalassa monastir,68703 DZD
skanes family resort,99708.45dzd,/,/
rosa beach thalasso & spa,107767.18dzd,rosa beach thalasso & spa,63724 DZD
iberostar kuriat palace,112114.96dzd,iberostar kuriat palace,70215 DZD
sousse city & beach hotel (ex karawan),20498.94dzd,sousse city & beach hotel,25254 DZD
sindbad center,21527.91dzd,sindbad center,25254 DZD
marhaba royal salem,40415.16dzd,marhaba royal salem,46023 DZD
palmyra aquapark kantaoui (ex soviva),42779.81dzd,palmyra aquapark el kantaoui,33830 DZD
marhaba beach,45779.43dzd,marhaba beach,51688 DZD
miramar golf & spa,48085.93dzd,miramar golf & spa,33030 DZD
le cesar palace casino,49941.05dzd,cesar palace casino,37640 DZD
marhaba palace,51666.97dzd,marhaba palace,56644 DZD
orient palace,53132.31dzd,orient palace,41697 DZD
riadh palms4 étoiles,54382.77dzd,riadh palms,31028 DZD
el mouradi port el kantaoui4 étoiles,54511.12dzd,el mouradi port el kantaoui,41854 DZD
golf residence,55248.05dzd,golf residence sousse,38833 DZD
kanta,56271.60dzd,iberostar kantaoui bay,67265 DZD
marhaba club,57394.26dzd,marhaba club sousse,45858 DZD
sousse palace5 étoiles,59803.03dzd,/,/
occidental sousse marhaba,60424.98dzd,occidental sousse marhaba ( ex marhaba resort),65298 DZD
el mouradi club kantaoui4 étoiles,61861.33dzd,el mouradi club kantaoui,41854 DZD
royal jinene,66892.32dzd,royal jinene,37763 DZD
el mouradi palace5 étoiles,66983.30dzd,el mouradi palace,53812 DZD
el ksar resort & thalasso,68173.35dzd,el ksar resort & thalasso,33723 DZD
seabel alhambra,69410.93dzd,seabel alhambra beach golf & spa,54126 DZD
el hana hannibal palace,71787.28dzd,hannibal palace,33830 DZD
hotel riviera resort,77634.31dzd,/,/
movenpick resort & marine spa,79697.96dzd,movenpick resort & marine spa,79301 DZD
bellevue park,83390.86dzd,sentido bellevue park,62545 DZD
royal kenz thalasso & spa,86987.28dzd,/,/
concorde green park palace,96171.79dzd,barcelo concorde green park palace,63538 DZD
jaz tour khalef,99756.69dzd,jaz tour khalef,86539 DZD
iberostar diar el andalous,100244.90dzd,iberostar diar el andalous,64904 DZD
iberostar kantaoui bay,104981.10dzd,iberostar kantaoui bay,67265 DZD
hasdrubal thalassa & spa port el kantaoui,134501.14dzd,hasdrubal thalassa & spa port el kantaoui,51137 DZD
medina & carthageland yasmine hammametparc d'attraction,3971.17dzd,medina & carthageland yasmine hammamet,2377 DZD
hotel green golf,34310.11dzd,green golf,38786 DZD
marina palace,37759.36dzd,marina palace,40713 DZD
caribbean world zenith,39467.86dzd,zenith,27536 DZD
la playa hôtel club,39926.58dzd,la playa hôtel club,34780 DZD
hotel aziza thalasso golf4 étoiles,42510.49dzd,hotel aziza thalasso golf,29738 DZD
l'ecrin,43978.94dzd,hotel l'ecrin club,34616 DZD
menara,45389.44dzd,menara,22563 DZD
hôtel residence hammamet,45780.97dzd,68. hôtel residence hammamet,85945 DZD
zodiac,51089.05dzd,zodiac hammamet,49281 DZD
el fell,58864.11dzd,el fell,46889 DZD
paradis palace,61898.76dzd,le paradis palace,49091 DZD
eden yasmine,65832.62dzd,"eden yasmine resort, meeting & spa",45630 DZD
l'atrium,70700.58dzd,l 'atrium,32840 DZD
el mouradi el menzah4 étoiles,71002.30dzd,46. el mouradi el menzah,61405 DZD
medina bélisaire and thalasso4 étoiles,73265.52dzd,medina bélisaire and thalasso,57030 DZD
flora park by turismark,73905.51dzd,flora park by turismark,59791 DZD
el mouradi hammamet4 étoiles,75289.21dzd,el mouradi hammamet,63528 DZD
houda yasmine,75961.81dzd,houda yasmine marina & spa,40910 DZD
concorde marco polo,76236.11dzd,/,/
medina diar lemdina4 étoiles,77442.48dzd,medina diar lemdina,59161 DZD
the russelior,78400.90dzd,the russelior hotel & spa,85674 DZD
blue marine hotel (ex laico),79416.47dzd,/,/
sentido phenicia4 étoiles,81534.00dzd,sentido phenicia,67863 DZD
lella baya & thalasso,81640.44dzd,lella baya & thalasso,58847 DZD
iberostar averroes,82384.36dzd,iberostar averroes,56054 DZD
vincci nozha beach,83243.18dzd,vincci nozha beach,76312 DZD
omar khayam,87462.14dzd,omar khayam resort & aquapark,74786 DZD
dar khayam,87543.40dzd,dar khayam,74786 DZD
bel azur,91852.40dzd,bel azur thalasso & bungalows,78672 DZD
medina solaria and thalasso5 étoiles,94500.63dzd,medina solaria and thalasso,76072 DZD
alhambra thalasso,95444.00dzd,alhambra thalasso,67611 DZD
the sindbad,108674.53dzd,the sindbad hammamet,78928 DZD
le sultan hammamet4 étoiles,112469.51dzd,le sultan hammamet,82543 DZD
steigenberger marhaba thalasso,126835.24dzd,steigenberger marhaba thalasso hammamet,111124 DZD
golden tulip taj sultan,126943.30dzd,golden tulip taj sultan resort,82842 DZD
vincci saphir palace,128553.81dzd,vincci saphir palace & spa,76186 DZD
le royal hammamet,136828.65dzd,le royal hammamet,52317 DZD
la badira (adult only),138227.51dzd,la badira,99571 DZD
les orangers beach resort,147093.60dzd,les orangers beach resort,149476 DZD
radisson blu resort & thalasso hammamet,164669.36dzd,radisson blu resort & thalasso hammamet,70352 DZD
tui blue oceana suites,198092.99dzd,tui blue oceana suites,67972 DZD
the orangers garden villas & bungalows 5*,254926.29dzd,the orangers garden villas & bungalows,218707 DZD
