ipro hotels,prix,mygo hotels,prix
palmyra golden beach skanes,28936.64dzd,/,/
monastir center,29641.25dzd,monastir center,"71.197,00 dzd"
amir palace,33528.50dzd,amir palace,"40.101,50 dzd"
delphin habib,36022.35dzd,/,/
regency hotel & spa,44421.13dzd,regency hotel & spa,"52.633,35 dzd"
skanes sérail,46890.68dzd,skanes serail & aquapark,"48.746,30 dzd"
iberostar kuriat palace,54521.88dzd,/,/
royal thalassa monastir5 étoiles,55450.67dzd,royal thalassa monastir,"65.880,80 dzd"
rosa beach thalasso & spa,56111.74dzd,rosa beach,"68.745,40 dzd"
skanes family resort,82954.95dzd,/,/
dreams beach,18169.52dzd,dreams beach,"22.096,50 dzd"
sousse city & beach hotel (ex karawan),20782.13dzd,/,/
le monaco & thalasso,22730.73dzd,le monaco & thalasso,"27.839,50 dzd"
riadh palms4 étoiles,26397.08dzd,/,/
miramar golf & spa,28268.97dzd,miramar golf & spa,"32.940,50 dzd"
diar meriem,28540.79dzd,diar meriem,"37.510,00 dzd"
palmyra aquapark kantaoui (ex soviva),28936.64dzd,palmyra aquapark kantaoui,"28.853,00 dzd"
el hana hannibal palace,30069.79dzd,el hana hannibal palace,"37.953,00 dzd"
el ksar resort & thalasso,30771.41dzd,el ksar resort & thalasso,"37.388,30 dzd"
le cesar palace casino,31173.19dzd,le cesar palace casino,"45.494,50 dzd"
marabout,31802.59dzd,/,/
royal jinene,33593.41dzd,royal jinene,"37.329,00 dzd"
golf residence,34099.49dzd,golf residence,"37.574,00 dzd"
el mouradi club kantaoui4 étoiles,36853.64dzd,el mouradi club kantaoui,"37.803,50 dzd"
el mouradi port el kantaoui4 étoiles,36853.64dzd,el mouradi port el kantaoui,"37.803,50 dzd"
marhaba royal salem,37416.60dzd,marhaba royal salem,"48.336,75 dzd"
orient palace,38136.15dzd,orient palace,"51.559,00 dzd"
marhaba club,38842.38dzd,marhaba resort (marhaba club),"42.966,00 dzd"
kanta,41564.25dzd,iberostar selection kantaoui bay,"61.226,25 dzd"
hasdrubal thalassa & spa port el kantaoui,45255.58dzd,hasdrubal thalassa & spa port el kantaoui,"85.932,00 dzd"
marhaba beach,45514.62dzd,/,/
el mouradi palace5 étoiles,46029.44dzd,el mouradi palace,"40.586,90 dzd"
iberostar diar el andalous,47694.97dzd,/,/
seabel alhambra,48696.74dzd,seabel alhambra beach golf & spa,"67.783,00 dzd"
iberostar kantaoui bay,50303.15dzd,/,/
marhaba palace,50675.63dzd,marhaba palace,"55.357,00 dzd"
hotel riviera resort,51153.23dzd,/,/
concorde green park palace,54033.56dzd,/,/
bellevue park,56571.95dzd,sentido bellevue park,"73.041,92 dzd"
occidental sousse marhaba,57510.70dzd,/,/
sousse palace,59447.16dzd,sousse palace,"90.122,70 dzd"
royal kenz thalasso & spa,67606.76dzd,/,/
sousse pearl marriott resort & spa,72435.82dzd,/,/
movenpick resort & marine spa,73055.97dzd,/,/
jaz tour khalef,76951.88dzd,/,/
medina & carthageland yasmine hammametparc d'attraction,1974.34dzd,/,/
menara,18242.00dzd,/,/
caribbean world zenith,24615.27dzd,/,/
hôtel residence hammamet,25696.48dzd,/,/
aziza beach golf & spa,26971.04dzd,/,/
la playa hôtel club,31130.44dzd,/,/
regency hammamet,34311.88dzd,/,/
l'atrium,34456.09dzd,atrium,"39.435,50 dzd"
hotel green golf,34503.25dzd,/,/
houda yasmine,36396.30dzd,/,/
marina palace,38260.93dzd,marina palace,"43.548,50 dzd"
eden yasmine,40558.43dzd,/,/
iberostar averroes,41205.79dzd,/,/
paradis palace,43251.54dzd,paradis palace,"42.641,00 dzd"
l'ecrin,43741.43dzd,/,/
zodiac,44164.58dzd,zodiac,"52.778,00 dzd"
medina bélisaire and thalasso4 étoiles,46884.47dzd,/,/
el fell,47106.15dzd,amber el fell,"67.599,50 dzd"
le royal hammamet,47883.39dzd,/,/
lella baya & thalasso,48095.64dzd,lella baya & thalasso,"59.607,00 dzd"
medina diar lemdina4 étoiles,48172.91dzd,diar lemdina,"55.565,50 dzd"
sol azur beach congres,52494.69dzd,/,/
concorde marco polo,52973.24dzd,concorde marco polo,"54.375,00 dzd"
el mouradi hammamet4 étoiles,54340.35dzd,/,/
el mouradi el menzah4 étoiles,55405.84dzd,/,/
mehari hammamet thalasso & spa,55975.04dzd,mehari hammamet thalasso & spa,"61.584,50 dzd"
flora park by turismark,59364.83dzd,/,/
sentido phenicia4 étoiles,60541.01dzd,/,/
tui blue oceana suites,61354.55dzd,tui blue oceana suites,"72.714,00 dzd"
radisson blu resort & thalasso hammamet,61904.31dzd,"radisson blu resort & thalasso, hammamet","107.621,70 dzd"
blue marine hotel (ex laico),62519.59dzd,/,/
medina solaria and thalasso5 étoiles,62538.70dzd,medina solaria and thalasso,"69.478,00 dzd"
alhambra thalasso,64513.65dzd,alhambra thalasso,"48.326,00 dzd"
vincci nozha beach,66235.60dzd,/,/
omar khayam,67241.72dzd,omar khayam club,"78.491,30 dzd"
dar khayam,67827.20dzd,dar khayam,"78.491,30 dzd"
vincci saphir palace,68232.05dzd,vincci saphir palace & spa,"76.507,90 dzd"
le sultan hammamet4 étoiles,68581.01dzd,/,/
bel azur,70672.42dzd,/,/
golden tulip taj sultan,74779.33dzd,resort golden tulip taj sultan,"57.561,50 dzd"
the russelior,78325.75dzd,/,/
magic hotel manar,85836.43dzd,/,/
club magic life africana impérial,86922.95dzd,/,/
vincci marillia,97307.85dzd,vincci marillia,"112.911,50 dzd"
steigenberger marhaba thalasso,100708.18dzd,/,/
les orangers beach resort,134923.17dzd,/,/
hasdrubal thalassa & spa yasmine hammamet,139972.56dzd,/,/
the orangers garden villas & bungalows 5*,192691.08dzd,villa,"99.792,00 dzd"
dar el manara,20561.82dzd,/,/
miramar petit palais,30361.73dzd,miramar petit palais,"39.760,50 dzd"
hari club beach resort,30535.87dzd,hari club beach resort djerba,"42.130,00 dzd"
joya paradise,32954.15dzd,joya paradise,"20.457,00 dzd"
dar jerba narjess,40869.93dzd,dar jerba narjess,"44.384,50 dzd"
el mouradi djerba menzel4 étoiles,41131.27dzd,/,/
iberostar méhari djerba,41865.60dzd,iberostar mehari djerba,"53.062,90 dzd"
djerba aqua resort,42197.61dzd,/,/
djerba resort,43068.48dzd,/,/
palm azur djerba,45087.32dzd,/,/
cesar thalasso,45716.26dzd,/,/
ksar djerba,46378.82dzd,ksar djerba,"41.971,00 dzd"
caribbean world thalasso djerba,49911.77dzd,/,/
baya beach aqua park,51143.82dzd,/,/
welcome meridiana resort & thalasso,53944.46dzd,/,/
royal karthago resort & thalasso,55419.00dzd,/,/
djerba plaza thalasso & spa,56527.38dzd,djerba plaza thalasso & spa,"75.620,00 dzd"
dar midoun,57497.21dzd,/,/
calimera yati beach,60960.90dzd,club calimera yati beach,"63.016,50 dzd"
vincci helios beach,60960.90dzd,/,/
holiday beach djerba,63731.85dzd,/,/
dar dhiafa,64840.23dzd,/,/
sentido djerba beach,65122.28dzd,sentido djerba beach,"66.955,00 dzd"
club magic life penelope beach imperial,67281.71dzd,/,/
hasdrubal thalassa & spa djerba,69313.34dzd,hasdrubal thalassa & spa djerba,"96.593,50 dzd"
yadis djerba,72784.08dzd,yadis djerba golf thalasso & spa,"71.998,50 dzd"
fiesta beach djerba,77739.66dzd,/,/
seabel rym beach,79516.03dzd,/,/
royal garden palace,80793.78dzd,hôtel royal garden palace,"149.660,50 dzd"
djerba golf resort & spa,81467.42dzd,djerba golf resort & spa,"74.900,43 dzd"
ulysse djerba thalasso & spa,87340.89dzd,/,/
radisson blu palace resort & thalasso djerba,98941.02dzd,/,/
tui blue palm beach palace (adult only +16 ans),102213.11dzd,tui blue palm beach palace,"107.378,00 dzd"
hasdrubal prestige thalassa & spa djerba,131661.72dzd,hasdrubal prestige thalassa & spa djerba,"157.542,00 dzd"
les mimosas tabarka,31496.83dzd,les mimosas,"43.054,50 dzd"
golden yasmine mehari tabarka,34520.82dzd,/,/
marina prestige,51985.03dzd,marina prestige,"71.610,00 dzd"
itropika beach4 étoiles,52444.49dzd,itropika beach,"91.854,00 dzd"
dar ismail,59050.96dzd,dar ismail,"83.630,50 dzd"
el mouradi hammam bourguiba4 étoiles,69986.28dzd,/,/
thabraca thalasso & diving,81416.55dzd,thabraca thalasso & diving,"108.519,50 dzd"
la cigale tabarka,115283.57dzd,la cigale tabarka,"181.889,20 dzd"
sandra beach,29094.98dzd,sandra beach,"32.224,00 dzd"
mahdia beach & aquapark4 étoiles,36177.52dzd,mahdia beach & aqua park,"43.997,10 dzd"
thapsus beach resort,40376.70dzd,thapsus beach resort,"47.978,50 dzd"
mahdia palace & thalasso5 étoiles,44599.10dzd,mahdia palace,"47.347,50 dzd"
iberostar royal el mansour,58927.70dzd,/,/
hôtel nour palace & thalasso5 étoiles,76201.13dzd,/,/
primasol el mehdi,79407.51dzd,/,/