ipro hotels,prix,clicngo hotels,prix
palmyra golden beach skanes,28936.64dzd,palmyra golden beach skanes,33830 DZD
monastir center,29641.25dzd,monastir center,33986 DZD
amir palace,33528.50dzd,/,/
delphin habib,36022.35dzd,delphin habib monastir,41689 DZD
regency hotel & spa,44421.13dzd,regency hotel & spa monastir,60185 DZD
skanes sérail,46890.68dzd,skanes serail aquapark,54284 DZD
iberostar kuriat palace,54521.88dzd,iberostar kuriat palace,70215 DZD
royal thalassa monastir5 étoiles,55450.67dzd,royal thalassa monastir,68703 DZD
rosa beach thalasso & spa,56111.74dzd,rosa beach thalasso & spa,63724 DZD
skanes family resort,82954.95dzd,/,/
dreams beach,18169.52dzd,dreams beach,19669 DZD
sousse city & beach hotel (ex karawan),20782.13dzd,sousse city & beach hotel,25254 DZD
le monaco & thalasso,22730.73dzd,/,/
riadh palms4 étoiles,26397.08dzd,riadh palms,31028 DZD
miramar golf & spa,28268.97dzd,miramar golf & spa,33030 DZD
diar meriem,28540.79dzd,hotel diar meriam,23602 DZD
palmyra aquapark kantaoui (ex soviva),28936.64dzd,/,/
el hana hannibal palace,30069.79dzd,hannibal palace,33830 DZD
el ksar resort & thalasso,30771.41dzd,el ksar resort & thalasso,33723 DZD
le cesar palace casino,31173.19dzd,cesar palace casino,37640 DZD
marabout,31802.59dzd,marabout sousse,35403 DZD
royal jinene,33593.41dzd,royal jinene,37763 DZD
golf residence,34099.49dzd,golf residence sousse,38833 DZD
el mouradi club kantaoui4 étoiles,36853.64dzd,el mouradi club kantaoui,41854 DZD
el mouradi port el kantaoui4 étoiles,36853.64dzd,el mouradi port el kantaoui,41854 DZD
marhaba royal salem,37416.60dzd,marhaba royal salem,46023 DZD
orient palace,38136.15dzd,orient palace,41697 DZD
marhaba club,38842.38dzd,marhaba club sousse,45858 DZD
kanta,41564.25dzd,iberostar kantaoui bay,67265 DZD
hasdrubal thalassa & spa port el kantaoui,45255.58dzd,hasdrubal thalassa & spa port el kantaoui,51137 DZD
marhaba beach,45514.62dzd,marhaba beach,51688 DZD
el mouradi palace5 étoiles,46029.44dzd,el mouradi palace,53812 DZD
iberostar diar el andalous,47694.97dzd,iberostar diar el andalous,64904 DZD
seabel alhambra,48696.74dzd,seabel alhambra beach golf & spa,54126 DZD
iberostar kantaoui bay,50303.15dzd,iberostar kantaoui bay,67265 DZD
marhaba palace,50675.63dzd,marhaba palace,56644 DZD
hotel riviera resort,51153.23dzd,/,/
concorde green park palace,54033.56dzd,barcelo concorde green park palace,63538 DZD
bellevue park,56571.95dzd,sentido bellevue park,62545 DZD
occidental sousse marhaba,57510.70dzd,occidental sousse marhaba ( ex marhaba resort),65298 DZD
sousse palace,59447.16dzd,sousse palace hôtel & spa,59791 DZD
royal kenz thalasso & spa,67606.76dzd,/,/
sousse pearl marriott resort & spa,72435.82dzd,sousse pearl marriott resort & spa,81033 DZD
movenpick resort & marine spa,73055.97dzd,movenpick resort & marine spa,79301 DZD
jaz tour khalef,76951.88dzd,jaz tour khalef,86539 DZD
medina & carthageland yasmine hammametparc d'attraction,1974.34dzd,medina & carthageland yasmine hammamet,2377 DZD
menara,18242.00dzd,menara,22563 DZD
caribbean world zenith,24615.27dzd,zenith,27536 DZD
hôtel residence hammamet,25696.48dzd,68. hôtel residence hammamet,85945 DZD
aziza beach golf & spa,26971.04dzd,54. sentido aziza beach golf & spa - adult only,50673 DZD
la playa hôtel club,31130.44dzd,la playa hôtel club,34780 DZD
regency hammamet,34311.88dzd,regency hammamet,39337 DZD
l'atrium,34456.09dzd,/,/
hotel green golf,34503.25dzd,green golf,38786 DZD
houda yasmine,36396.30dzd,houda yasmine marina & spa,40910 DZD
marina palace,38260.93dzd,marina palace,40713 DZD
eden yasmine,40558.43dzd,"eden yasmine resort, meeting & spa",45630 DZD
iberostar averroes,41205.79dzd,iberostar averroes,56054 DZD
paradis palace,43251.54dzd,le paradis palace,49091 DZD
l'ecrin,43741.43dzd,hotel l'ecrin club,34616 DZD
zodiac,44164.58dzd,zodiac hammamet,49281 DZD
medina bélisaire and thalasso4 étoiles,46884.47dzd,medina bélisaire and thalasso,57030 DZD
el fell,47106.15dzd,el fell,46889 DZD
le royal hammamet,47883.39dzd,le royal hammamet,52317 DZD
lella baya & thalasso,48095.64dzd,lella baya & thalasso,58847 DZD
medina diar lemdina4 étoiles,48172.91dzd,medina diar lemdina,59161 DZD
sol azur beach congres,52494.69dzd,sol azur beach congres,59005 DZD
concorde marco polo,52973.24dzd,/,/
el mouradi hammamet4 étoiles,54340.35dzd,el mouradi hammamet,63528 DZD
el mouradi el menzah4 étoiles,55405.84dzd,/,/
mehari hammamet thalasso & spa,55975.04dzd,72. hôtel méhari hammamet thalasso & spa,93812 DZD
flora park by turismark,59364.83dzd,flora park by turismark,59791 DZD
sentido phenicia4 étoiles,60541.01dzd,sentido phenicia,67863 DZD
tui blue oceana suites,61354.55dzd,tui blue oceana suites,67972 DZD
radisson blu resort & thalasso hammamet,61904.31dzd,radisson blu resort & thalasso hammamet,70352 DZD
blue marine hotel (ex laico),62519.59dzd,/,/
medina solaria and thalasso5 étoiles,62538.70dzd,medina solaria and thalasso,76072 DZD
alhambra thalasso,64513.65dzd,alhambra thalasso,67611 DZD
vincci nozha beach,66235.60dzd,vincci nozha beach,76312 DZD
omar khayam,67241.72dzd,omar khayam resort & aquapark,74786 DZD
dar khayam,67827.20dzd,dar khayam,74786 DZD
vincci saphir palace,68232.05dzd,vincci saphir palace & spa,76186 DZD
le sultan hammamet4 étoiles,68581.01dzd,le sultan hammamet,82543 DZD
bel azur,70672.42dzd,bel azur thalasso & bungalows,78672 DZD
golden tulip taj sultan,74779.33dzd,golden tulip taj sultan resort,82842 DZD
the russelior,78325.75dzd,the russelior hotel & spa,85674 DZD
magic hotel manar,85836.43dzd,magic hotel manar,93520 DZD
club magic life africana impérial,86922.95dzd,tui magic life africana,98740 DZD
vincci marillia,97307.85dzd,vincci marillia,105421 DZD
steigenberger marhaba thalasso,100708.18dzd,steigenberger marhaba thalasso hammamet,111124 DZD
les orangers beach resort,134923.17dzd,les orangers beach resort,149476 DZD
hasdrubal thalassa & spa yasmine hammamet,139972.56dzd,/,/
the orangers garden villas & bungalows 5*,192691.08dzd,the orangers garden villas & bungalows,218707 DZD
dar el manara,20561.82dzd,dar el manara djerba hotel,18623 DZD
miramar petit palais,30361.73dzd,43. miramar petit palais,70003 DZD
hari club beach resort,30535.87dzd,hari club beach resort djerba,33723 DZD
joya paradise,32954.15dzd,joya paradise,36977 DZD
dar jerba narjess,40869.93dzd,dar jerba narjess,47203 DZD
el mouradi djerba menzel4 étoiles,41131.27dzd,el mouradi djerba menzel,46712 DZD
iberostar méhari djerba,41865.60dzd,iberostar mehari djerba,58297 DZD
djerba aqua resort,42197.61dzd,djerba aqua resort,47203 DZD
djerba resort,43068.48dzd,djerba resort,47203 DZD
palm azur djerba,45087.32dzd,/,/
cesar thalasso,45716.26dzd,cesar thalasso,51137 DZD
ksar djerba,46378.82dzd,the ksar djerba,51137 DZD
caribbean world thalasso djerba,49911.77dzd,/,/
baya beach aqua park,51143.82dzd,/,/
welcome meridiana resort & thalasso,53944.46dzd,welcome meridiana resort & thalasso,62152 DZD
royal karthago resort & thalasso,55419.00dzd,royal karthago,62937 DZD
djerba plaza thalasso & spa,56527.38dzd,djerba plaza thalasso & spa,64196 DZD
dar midoun,57497.21dzd,vincci dar midoun,65298 DZD
calimera yati beach,60960.90dzd,calimera yati beach,69231 DZD
vincci helios beach,60960.90dzd,vincci helios beach,69231 DZD
holiday beach djerba,63731.85dzd,/,/
dar dhiafa,64840.23dzd,/,/
sentido djerba beach,65122.28dzd,sentido djerba beach,73147 DZD
club magic life penelope beach imperial,67281.71dzd,/,/
hasdrubal thalassa & spa djerba,69313.34dzd,hasdrubal thalassa & spa djerba midoun,78672 DZD
yadis djerba,72784.08dzd,yadis djerba,106348 DZD
fiesta beach djerba,77739.66dzd,fiesta beach,90000 DZD
seabel rym beach,79516.03dzd,seabel rym beach djerba,87349 DZD
royal garden palace,80793.78dzd,royal garden palace,91259 DZD
djerba golf resort & spa,81467.42dzd,djerba golf resort & spa,38582 DZD
ulysse djerba thalasso & spa,87340.89dzd,ulysse djerba thalasso,127975 DZD
radisson blu palace resort & thalasso djerba,98941.02dzd,radisson blu palace resort & thalasso djerba,121595 DZD
tui blue palm beach palace (adult only +16 ans),102213.11dzd,/,/
hasdrubal prestige thalassa & spa djerba,131661.72dzd,hasdrubal prestige thalassa & spa djerba,149476 DZD
les mimosas tabarka,31496.83dzd,/,/
golden yasmine mehari tabarka,34520.82dzd,residence golden yasmin mehari tabarka,29739 DZD
marina prestige,51985.03dzd,marina prestige tabarka,59005 DZD
itropika beach4 étoiles,52444.49dzd,itropika beach,62572 DZD
dar ismail,59050.96dzd,dar ismail tabarka,67029 DZD
el mouradi hammam bourguiba4 étoiles,69986.28dzd,el mouradi hammam bourguiba,81819 DZD
thabraca thalasso & diving,81416.55dzd,thabraca thalasso & diving,102380 DZD
la cigale tabarka,115283.57dzd,la cigale tabarka,130595 DZD
sandra beach,29094.98dzd,sandra beach,31469 DZD
mahdia beach & aquapark4 étoiles,36177.52dzd,/,/
thapsus beach resort,40376.70dzd,thapsus beach resort,44843 DZD
mahdia palace & thalasso5 étoiles,44599.10dzd,mahdia palace & thalasso,54195 DZD
iberostar royal el mansour,58927.70dzd,iberostar royal el mansour,74345 DZD
hôtel nour palace & thalasso5 étoiles,76201.13dzd,nour palace & thalasso,86539 DZD
primasol el mehdi,79407.51dzd,primasol el mehdi,89686 DZD